unit,isco08,indic_ed,geo\time	2021 	2020 	2019 	2018 	2017 	2016 	2015 	2014 	2013 	2012 	2011 	2010 	2009 	2008 	2007 	2006 	2005 	2004 	2003 	2002 	2001 	2000 
NR,OC221,TNGO_IF,AT	207.00 	224.00 	257.00 	209.00 	238.00 	225.00 	242.00 	263.00 	224.00 	196.00 	179.00 	191.00 	170.00 	177.00 	228.00 	210.00 	: 	: 	: 	: 	: 	: 
NR,OC221,TNGO_IF,BE	610.00 	483.00 	553.00 	461.00 	598.00 	500.00 	566.00 	558.00 	481.00 	684.00 	665.00 	504.00 	400.00 	459.00 	418.00 	204.00 	157.00 	95.00 	83.00 	83.00 	120.00 	107.00 
NR,OC221,TNGO_IF,BG	26.00 	28.00 	24.00 	12.00 	30.00 	18.00 	14.00 	21.00 	12.00 	21.00 	21.00 	26.00 	31.00 	19.00 	7.00 	: 	: 	: 	: 	: 	: 	: 
NR,OC221,TNGO_IF,CH	: 	1910.00 	1875.00 	2003.00 	2268.00 	2355.00 	2183.00 	2123.00 	2519.00 	2179.00 	2015.00 	1892.00 	1924.00 	1984.00 	1798.00 	1798.00 	1632.00 	1676.00 	1831.00 	: 	: 	: 
NR,OC221,TNGO_IF,CY	: 	: 	309.00 	: 	: 	: 	: 	: 	: 	: 	: 	: 	: 	: 	: 	: 	: 	: 	: 	: 	: 	: 
NR,OC221,TNGO_IF,CZ	153.00 	148.00 	105.00 	250.00 	311.00 	258.00 	241.00 	221.00 	210.00 	195.00 	158.00 	103.00 	95.00 	79.00 	133.00 	152.00 	237.00 	259.00 	347.00 	225.00 	77.00 	18.00 
NR,OC221,TNGO_IF,DE	: 	1333.00 	1349.00 	1296.00 	1287.00 	1430.00 	1530.00 	1730.00 	1964.00 	2225.00 	1900.00 	1426.00 	1071.00 	934.00 	883.00 	607.00 	580.00 	796.00 	371.00 	259.00 	223.00 	226.00 
NR,OC221,TNGO_IF,DK	279.00 	250.00 	272.00 	246.00 	275.00 	267.00 	282.00 	283.00 	198.00 	184.00 	238.00 	296.00 	359.00 	314.00 	320.00 	264.00 	334.00 	307.00 	216.00 	209.00 	113.00 	124.00 
NR,OC221,TNGO_IF,EE	11.00 	12.00 	9.00 	24.00 	22.00 	21.00 	29.00 	21.00 	24.00 	19.00 	20.00 	11.00 	16.00 	15.00 	10.00 	11.00 	12.00 	6.00 	1.00 	: 	: 	: 
NR,OC221,TNGO_IF,EL	: 	691.00 	313.00 	208.00 	161.00 	98.00 	79.00 	78.00 	83.00 	77.00 	: 	: 	: 	: 	: 	: 	: 	: 	: 	: 	: 	: 
NR,OC221,TNGO_IF,ES	4293.00 	4036.00 	6354.00 	4008.00 	3146.00 	2876.00 	1383.00 	2439.00 	2432.00 	3491.00 	5525.00 	6800.00 	6968.00 	7709.00 	4820.00 	3391.00 	2624.00 	2634.00 	3360.00 	831.00 	1342.00 	763.00 
NR,OC221,TNGO_IF,FI	: 	328.00 	320.00 	287.00 	291.00 	275.00 	300.00 	315.00 	357.00 	304.00 	354.00 	381.00 	: 	: 	: 	: 	: 	: 	: 	: 	: 	: 
NR,OC221,TNGO_IF,FR	: 	1073.00 	950.00 	1149.00 	1315.00 	1457.00 	1647.00 	1683.00 	1489.00 	1410.00 	1547.00 	: 	: 	: 	: 	: 	: 	: 	: 	: 	: 	: 
NR,OC221,TNGO_IF,HU	: 	92.00 	123.00 	137.00 	111.00 	109.00 	133.00 	82.00 	54.00 	78.00 	51.00 	35.00 	43.00 	55.00 	110.00 	168.00 	190.00 	170.00 	116.00 	109.00 	64.00 	95.00 
NR,OC221,TNGO_IF,IE	1707.00 	1017.00 	1422.00 	1395.00 	1685.00 	1819.00 	1777.00 	871.00 	832.00 	783.00 	855.00 	683.00 	: 	: 	: 	: 	: 	: 	: 	: 	: 	: 
NR,OC221,TNGO_IF,IS	: 	67.00 	61.00 	43.00 	33.00 	: 	: 	: 	: 	: 	: 	: 	: 	: 	: 	: 	: 	: 	: 	: 	: 	: 
NR,OC221,TNGO_IF,IT	299.00 	293.00 	260.00 	204.00 	150.00 	100.00 	89.00 	60.00 	98.00 	134.00 	129.00 	149.00 	143.00 	126.00 	116.00 	148.00 	168.00 	168.00 	125.00 	98.00 	92.00 	74.00 
NR,OC221,TNGO_IF,LI	10.00 	19.00 	25.00 	13.00 	18.00 	11.00 	12.00 	8.00 	14.00 	10.00 	13.00 	18.00 	6.00 	7.00 	2.00 	4.00 	: 	: 	: 	: 	: 	: 
NR,OC221,TNGO_IF,LT	5.00 	10.00 	6.00 	9.00 	15.00 	8.00 	5.00 	6.00 	: 	: 	: 	: 	: 	: 	: 	: 	: 	: 	: 	: 	: 	: 
NR,OC221,TNGO_IF,LV	: 	5.00 	2.00 	5.00 	8.00 	3.00 	3.00 	6.00 	25.00 	25.00 	16.00 	39.00 	33.00 	35.00 	60.00 	34.00 	25.00 	40.00 	: 	: 	: 	: 
NR,OC221,TNGO_IF,MT	: 	48.00 	24.00 	13.00 	27.00 	36.00 	46.00 	20.00 	: 	: 	: 	: 	: 	: 	: 	: 	: 	: 	: 	: 	: 	: 
NR,OC221,TNGO_IF,NL	: 	225.00 	420.00 	145.00 	196.00 	123.00 	161.00 	137.00 	93.00 	177.00 	158.00 	226.00 	205.00 	166.00 	151.00 	140.00 	162.00 	78.00 	113.00 	127.00 	: 	: 
NR,OC221,TNGO_IF,NO	1083.00 	1114.00 	1068.00 	1116.00 	1505.00 	1325.00 	1281.00 	1304.00 	2310.00 	1603.00 	1300.00 	1309.00 	1287.00 	1179.00 	1215.00 	1208.00 	1309.00 	1272.00 	1080.00 	1053.00 	1104.00 	1348.00 
NR,OC221,TNGO_IF,PL	887.00 	390.00 	365.00 	240.00 	172.00 	174.00 	104.00 	157.00 	137.00 	79.00 	70.00 	60.00 	61.00 	65.00 	66.00 	70.00 	: 	: 	: 	: 	: 	: 
NR,OC221,TNGO_IF,PT	: 	: 	: 	357.00 	328.00 	: 	: 	: 	: 	: 	: 	: 	: 	: 	: 	: 	: 	: 	: 	: 	: 	: 
NR,OC221,TNGO_IF,RO	: 	83.00 	224.00 	78.00 	76.00 	31.00 	24.00 	25.00 	19.00 	27.00 	24.00 	47.00 	: 	: 	: 	: 	: 	: 	: 	: 	: 	: 
NR,OC221,TNGO_IF,RS	102.00 	130.00 	147.00 	89.00 	55.00 	47.00 	60.00 	38.00 	32.00 	27.00 	14.00 	: 	: 	: 	: 	: 	: 	: 	: 	: 	: 	: 
NR,OC221,TNGO_IF,SE	: 	: 	750.00 	737.00 	645.00 	776.00 	717.00 	940.00 	864.00 	754.00 	739.00 	810.00 	770.00 	821.00 	764.00 	661.00 	562.00 	575.00 	483.00 	515.00 	470.00 	306.00 
NR,OC221,TNGO_IF,SI	68.00 	69.00 	82.00 	43.00 	33.00 	93.00 	37.00 	29.00 	36.00 	68.00 	129.00 	76.00 	52.00 	30.00 	20.00 	53.00 	27.00 	36.00 	50.00 	40.00 	40.00 	28.00 
NR,OC221,TNGO_IF,TR	: 	: 	: 	: 	: 	: 	0.00 	0.00 	0.00 	1.00 	3.00 	4.00 	4.00 	5.00 	5.00 	22.00 	10.00 	26.00 	26.00 	41.00 	60.00 	55.00 
NR,OC221,TNGO_IF,UK	: 	: 	11020.00 	8170.00 	6331.00 	5649.00 	4980.00 	5939.00 	5459.00 	5951.00 	5189.00 	5945.00 	4960.00 	5022.00 	5056.00 	6156.00 	9928.00 	10004.00 	13952.00 	6829.00 	5738.00 	6247.00 
NR,OC221,TNGO_NAT,AT	503.00 	452.00 	434.00 	399.00 	381.00 	360.00 	215.00 	230.00 	186.00 	173.00 	151.00 	: 	: 	: 	: 	: 	: 	: 	: 	: 	: 	: 
NR,OC221,TNGO_NAT,EL	: 	8424.00 	7715.00 	7673.00 	7832.00 	7402.00 	7423.00 	7577.00 	7682.00 	7716.00 	: 	: 	: 	: 	: 	: 	: 	: 	: 	: 	: 	: 
NR,OC221,TNGO_NAT,FI	: 	1713.00 	1626.00 	1557.00 	1517.00 	1455.00 	1417.00 	1363.00 	1332.00 	1302.00 	1264.00 	: 	: 	: 	: 	: 	: 	: 	: 	: 	: 	559.00 
NR,OC221,TNGO_NAT,FR	: 	796.00 	739.00 	698.00 	686.00 	648.00 	624.00 	609.00 	584.00 	553.00 	535.00 	: 	: 	: 	: 	: 	: 	: 	: 	: 	: 	: 
NR,OC221,TNGO_NAT,HR	: 	: 	56.00 	31.00 	24.00 	56.00 	: 	: 	: 	: 	: 	: 	: 	: 	: 	: 	: 	: 	: 	: 	: 	: 
NR,OC221,TNGO_NAT,HU	: 	305.00 	411.00 	400.00 	400.00 	397.00 	391.00 	: 	: 	: 	: 	: 	: 	: 	: 	: 	: 	: 	: 	: 	: 	: 
NR,OC221,TNGO_NAT,IT	1875.00 	1734.00 	1562.00 	1443.00 	1387.00 	1369.00 	1354.00 	1360.00 	1353.00 	1357.00 	1339.00 	1321.00 	1282.00 	1236.00 	1218.00 	1193.00 	1157.00 	1103.00 	1068.00 	1027.00 	994.00 	945.00 
NR,OC221,TNGO_NAT,LI	48.00 	48.00 	48.00 	50.00 	50.00 	51.00 	50.00 	50.00 	51.00 	50.00 	48.00 	49.00 	47.00 	47.00 	45.00 	46.00 	45.00 	: 	: 	: 	: 	: 
NR,OC221,TNGO_NAT,NL	: 	1021.00 	974.00 	686.00 	585.00 	483.00 	522.00 	443.00 	409.00 	408.00 	: 	: 	: 	: 	: 	: 	: 	: 	: 	: 	: 	: 
NR,OC221,TNGO_NAT,NO	6480.00 	6192.00 	5836.00 	5529.00 	5163.00 	4829.00 	4467.00 	4512.00 	3989.00 	3776.00 	3539.00 	3319.00 	3146.00 	: 	: 	: 	: 	: 	: 	: 	: 	: 
NR,OC221,TNGO_NAT,PT	: 	: 	: 	: 	2865.00 	: 	: 	: 	: 	: 	: 	: 	: 	: 	: 	: 	: 	: 	: 	: 	: 	: 
NR,OC221,TNGO_NAT,RO	: 	: 	: 	: 	620.00 	467.00 	259.00 	126.00 	123.00 	117.00 	112.00 	105.00 	: 	: 	: 	: 	: 	: 	: 	: 	: 	: 
NR,OC221,TNGO_NAT,RS	406.00 	321.00 	172.00 	167.00 	289.00 	281.00 	263.00 	260.00 	258.00 	247.00 	242.00 	239.00 	: 	: 	: 	: 	: 	: 	: 	: 	: 	: 
NR,OC221,TNGO_NAT,SE	: 	: 	2483.00 	2204.00 	1884.00 	1565.00 	1288.00 	1730.00 	1418.00 	1172.00 	1011.00 	891.00 	773.00 	677.00 	589.00 	542.00 	511.00 	470.00 	448.00 	434.00 	408.00 	378.00 
NR,OC221,TNGO_NAT,SI	157.00 	157.00 	152.00 	147.00 	142.00 	42.00 	: 	: 	: 	: 	: 	: 	: 	: 	: 	: 	: 	: 	: 	: 	: 	: 
NR,OC221,TNGO_NAT,TR	: 	: 	: 	: 	: 	: 	223.00 	223.00 	223.00 	223.00 	222.00 	219.00 	219.00 	218.00 	214.00 	210.00 	195.00 	187.00 	165.00 	142.00 	107.00 	52.00 
NR,OC221,TNGO_NAT,UK	: 	: 	789.00 	: 	: 	: 	: 	: 	: 	: 	: 	: 	: 	: 	: 	: 	: 	: 	: 	: 	: 	: 
NR,OC221,TNG_IN,AT	37709.00 	37099.00 	36710.00 	35970.00 	35774.00 	35593.00 	35747.00 	34910.00 	34204.00 	32990.00 	32284.00 	31753.00 	31091.00 	30478.00 	30178.00 	29500.00 	29348.00 	: 	: 	: 	: 	: 
NR,OC221,TNG_IN,BE	63049.00 	61506.00 	60191.00 	58499.00 	55814.00 	54529.00 	53249.00 	52338.00 	51439.00 	50655.00 	49818.00 	49038.00 	48418.00 	47899.00 	47460.00 	47059.00 	46607.00 	46014.00 	45121.00 	44537.00 	43584.00 	42446.00 
NR,OC221,TNG_IN,CH	: 	24116.00 	24127.00 	24259.00 	24330.00 	24275.00 	24187.00 	23870.00 	23486.00 	23249.00 	23041.00 	22969.00 	23214.00 	23176.00 	: 	: 	: 	: 	: 	: 	: 	: 
NR,OC221,TNG_IN,CY	: 	: 	29.00 	0.00 	0.00 	0.00 	0.00 	0.00 	: 	: 	: 	: 	: 	: 	: 	: 	: 	: 	: 	: 	: 	: 
NR,OC221,TNG_IN,CZ	41523.00 	41067.00 	40749.00 	40719.00 	40225.00 	39883.00 	39337.00 	39635.00 	40207.00 	39466.00 	40182.00 	40740.00 	41042.00 	41464.00 	41865.00 	42320.00 	42166.00 	42353.00 	42557.00 	42902.00 	43119.00 	43186.00 
NR,OC221,TNG_IN,DK	: 	: 	22356.00 	22005.00 	21481.00 	20760.00 	20263.00 	19894.00 	19694.00 	19555.00 	19220.00 	18821.00 	18432.00 	18066.00 	17432.00 	17262.00 	16844.00 	16382.00 	15711.00 	15514.00 	15024.00 	14873.00 
NR,OC221,TNG_IN,EE	6767.00 	6689.00 	6611.00 	6524.00 	6426.00 	6319.00 	6225.00 	6127.00 	6014.00 	5897.00 	5782.00 	5682.00 	5563.00 	5470.00 	5379.00 	5306.00 	5180.00 	4810.00 	3986.00 	2259.00 	: 	: 
NR,OC221,TNG_IN,EL	: 	31938.00 	31466.00 	32470.00 	33626.00 	30668.00 	28685.00 	29032.00 	28916.00 	29077.00 	: 	: 	: 	: 	: 	: 	: 	: 	: 	: 	: 	: 
NR,OC221,TNG_IN,FI	: 	19310.00 	19244.00 	19126.00 	19064.00 	18962.00 	18741.00 	18542.00 	18304.00 	18057.00 	17781.00 	13345.00 	13436.00 	: 	: 	: 	: 	: 	: 	: 	: 	12354.00 
NR,OC221,TNG_IN,FR	: 	200950.00 	200936.00 	199382.00 	200002.00 	199638.00 	199528.00 	199426.00 	199480.00 	198753.00 	198300.00 	197234.00 	196934.00 	199124.00 	199100.00 	200125.00 	199549.00 	198336.00 	196641.00 	195224.00 	193507.00 	191306.00 
NR,OC221,TNG_IN,HR	: 	13504.00 	13588.00 	13332.00 	13163.00 	13295.00 	: 	: 	: 	: 	: 	: 	: 	: 	: 	: 	: 	: 	: 	: 	: 	: 
NR,OC221,TNG_IN,HU	: 	28106.00 	31336.00 	30404.00 	29929.00 	29056.00 	28112.00 	30309.00 	30198.00 	30970.00 	30441.00 	31161.00 	34251.00 	34525.00 	34743.00 	34991.00 	35083.00 	35295.00 	: 	: 	: 	: 
NR,OC221,TNG_IN,IE	15459.00 	14955.00 	13824.00 	13429.00 	13087.00 	12797.00 	12467.00 	12182.00 	11909.00 	11859.00 	12088.00 	: 	: 	: 	: 	: 	: 	: 	: 	: 	: 	: 
NR,OC221,TNG_IN,IT	422998.00 	417639.00 	403925.00 	398574.00 	392753.00 	389942.00 	385780.00 	382455.00 	378964.00 	375940.00 	372646.00 	369024.00 	365245.00 	361340.00 	357517.00 	353572.00 	349672.00 	345849.00 	337731.00 	330247.00 	324254.00 	318178.00 
NR,OC221,TNG_IN,LI	0.00 	0.00 	0.00 	0.00 	0.00 	0.00 	0.00 	0.00 	0.00 	0.00 	0.00 	0.00 	0.00 	0.00 	0.00 	0.00 	0.00 	0.00 	0.00 	0.00 	0.00 	0.00 
NR,OC221,TNG_IN,LT	13652.00 	13697.00 	13823.00 	14760.00 	14511.00 	14268.00 	14226.00 	14240.00 	: 	: 	: 	: 	: 	: 	: 	: 	: 	: 	: 	: 	: 	: 
NR,OC221,TNG_IN,LV	: 	6040.00 	7281.00 	7414.00 	7545.00 	7571.00 	7747.00 	7717.00 	7738.00 	7504.00 	7363.00 	7765.00 	7107.00 	7227.00 	7060.00 	6905.00 	6779.00 	6704.00 	: 	: 	: 	: 
NR,OC221,TNG_IN,MT	: 	1856.00 	1762.00 	1709.00 	1559.00 	1471.00 	1397.00 	1338.00 	: 	: 	: 	: 	: 	: 	: 	: 	: 	: 	: 	: 	: 	: 
NR,OC221,TNG_IN,NL	: 	64490.00 	62788.00 	61247.00 	60036.00 	58897.00 	57856.00 	56533.00 	54539.00 	53377.00 	46961.00 	43839.00 	41014.00 	38618.00 	36405.00 	35087.00 	33156.00 	31075.00 	30816.00 	30266.00 	29520.00 	: 
NR,OC221,TNG_IN,NO	15732.00 	15579.00 	15283.00 	15030.00 	14752.00 	14347.00 	13986.00 	13921.00 	13580.00 	13252.00 	13092.00 	12811.00 	12531.00 	: 	: 	: 	: 	: 	: 	: 	: 	: 
NR,OC221,TNG_IN,PL	142170.00 	139530.00 	137655.00 	135358.00 	132919.00 	130832.00 	128701.00 	126729.00 	124918.00 	122870.00 	121109.00 	119110.00 	117745.00 	117075.00 	: 	: 	: 	: 	: 	: 	: 	: 
NR,OC221,TNG_IN,PT	: 	: 	: 	: 	45708.00 	: 	: 	: 	: 	: 	: 	: 	: 	: 	: 	: 	: 	: 	: 	: 	: 	: 
NR,OC221,TNG_IN,RO	: 	56798.00 	55387.00 	54817.00 	54757.00 	50136.00 	48056.00 	39559.00 	41877.00 	42516.00 	44547.00 	44817.00 	: 	: 	: 	: 	: 	: 	: 	: 	: 	: 
NR,OC221,TNG_IN,RS	32530.00 	31068.00 	29995.00 	25860.00 	20994.00 	20259.00 	13543.00 	13693.00 	13689.00 	13573.00 	13383.00 	12653.00 	: 	: 	: 	: 	: 	: 	: 	: 	: 	: 
NR,OC221,TNG_IN,SE	: 	: 	29437.00 	29238.00 	28452.00 	27788.00 	27011.00 	29608.00 	29304.00 	28867.00 	28393.00 	27926.00 	27536.00 	27116.00 	26907.00 	26482.00 	25949.00 	25574.00 	25253.00 	24779.00 	24229.00 	23662.00 
NR,OC221,TNG_IN,SI	5757.00 	5578.00 	5442.00 	5324.00 	5219.00 	4898.00 	5008.00 	4902.00 	4635.00 	4496.00 	4517.00 	4448.00 	: 	: 	: 	: 	: 	: 	: 	: 	: 	: 
NR,OC221,TNG_IN,SK	: 	: 	: 	: 	: 	: 	: 	: 	: 	: 	12125.00 	11789.00 	: 	: 	: 	: 	: 	: 	: 	: 	: 	: 
NR,OC221,TNG_IN,TR	: 	: 	: 	: 	: 	: 	140997.00 	135354.00 	133513.00 	129510.00 	125768.00 	123189.00 	118387.00 	112901.00 	108157.00 	104235.00 	100635.00 	96902.00 	94284.00 	91793.00 	89689.00 	85187.00 
NR,OC221,TNG_IN,UK	: 	: 	123337.00 	115508.00 	115005.00 	113530.00 	110383.00 	117968.00 	115036.00 	109421.00 	107353.00 	104060.00 	103771.00 	100235.00 	: 	: 	: 	: 	: 	: 	: 	: 
NR,OC221,TNG_OUT,AT	2762.00 	2595.00 	2497.00 	2282.00 	2189.00 	2058.00 	1938.00 	1862.00 	1638.00 	1501.00 	1372.00 	1289.00 	1175.00 	1107.00 	1089.00 	926.00 	888.00 	: 	: 	: 	: 	: 
NR,OC221,TNG_OUT,BE	9608.00 	8946.00 	8533.00 	8062.00 	7801.00 	7370.00 	6889.00 	6732.00 	6184.00 	5708.00 	5033.00 	4380.00 	3885.00 	3490.00 	3042.00 	2636.00 	2441.00 	2290.00 	2200.00 	2126.00 	2048.00 	1934.00 
NR,OC221,TNG_OUT,CH	: 	14386.00 	13755.00 	13266.00 	12570.00 	11900.00 	11138.00 	10478.00 	9756.00 	8609.00 	7808.00 	7304.00 	6952.00 	6477.00 	: 	: 	: 	: 	: 	: 	: 	: 
NR,OC221,TNG_OUT,CY	: 	: 	3739.00 	3668.00 	3449.00 	3325.00 	3152.00 	2988.00 	: 	: 	: 	: 	: 	: 	: 	: 	: 	: 	: 	: 	: 	: 
NR,OC221,TNG_OUT,CZ	3409.00 	3321.00 	3245.00 	3232.00 	3058.00 	2799.00 	2556.00 	2036.00 	1967.00 	2116.00 	1984.00 	1874.00 	1841.00 	1816.00 	1805.00 	1744.00 	1642.00 	1455.00 	1221.00 	870.00 	651.00 	579.00 
NR,OC221,TNG_OUT,DE	: 	51395.00 	48125.00 	44931.00 	41934.00 	38247.00 	34850.00 	31857.00 	28901.00 	26034.00 	22829.00 	20029.00 	18339.00 	16741.00 	15456.00 	14703.00 	13746.00 	13430.00 	12804.00 	11848.00 	10806.00 	9971.00 
NR,OC221,TNG_OUT,DK	: 	: 	2339.00 	2278.00 	2185.00 	2117.00 	2044.00 	1956.00 	1887.00 	1872.00 	1857.00 	1809.00 	1685.00 	1545.00 	1398.00 	1293.00 	1169.00 	994.00 	828.00 	737.00 	612.00 	595.00 
NR,OC221,TNG_OUT,EE	294.00 	283.00 	271.00 	262.00 	238.00 	216.00 	195.00 	166.00 	145.00 	121.00 	102.00 	82.00 	71.00 	55.00 	40.00 	30.00 	19.00 	7.00 	1.00 	0.00 	: 	: 
NR,OC221,TNG_OUT,EL	: 	11349.00 	11332.00 	9969.00 	8367.00 	7728.00 	7754.00 	7889.00 	7997.00 	8005.00 	: 	: 	: 	: 	: 	: 	: 	: 	: 	: 	: 	: 
NR,OC221,TNG_OUT,FI	: 	4576.00 	4437.00 	4291.00 	4192.00 	4054.00 	3937.00 	3791.00 	3634.00 	3436.00 	3265.00 	3528.00 	3147.00 	: 	: 	: 	: 	: 	: 	: 	: 	919.00 
NR,OC221,TNG_OUT,FR	: 	26989.00 	26355.00 	25675.00 	25039.00 	24096.00 	22920.00 	21569.00 	20082.00 	18842.00 	17625.00 	15903.00 	14781.00 	14364.00 	13450.00 	12261.00 	11824.00 	11520.00 	10739.00 	9849.00 	8767.00 	7795.00 
NR,OC221,TNG_OUT,HR	: 	752.00 	724.00 	743.00 	722.00 	134.00 	: 	: 	: 	: 	: 	: 	: 	: 	: 	: 	: 	: 	: 	: 	: 	: 
NR,OC221,TNG_OUT,HU	: 	2504.00 	2801.00 	2674.00 	2614.00 	2459.00 	2374.00 	2482.00 	2470.00 	2484.00 	2525.00 	2609.00 	2851.00 	2884.00 	2897.00 	2917.00 	2926.00 	2939.00 	: 	: 	: 	: 
NR,OC221,TNG_OUT,IE	10500.00 	10050.00 	9750.00 	9583.00 	9606.00 	9123.00 	7983.00 	6877.00 	6214.00 	5935.00 	6708.00 	: 	: 	: 	: 	: 	: 	: 	: 	: 	: 	: 
NR,OC221,TNG_OUT,IT	4039.00 	3810.00 	3594.00 	3378.00 	3250.00 	3262.00 	3250.00 	3227.00 	3226.00 	3175.00 	3088.00 	2985.00 	2848.00 	2692.00 	2587.00 	2488.00 	2357.00 	2148.00 	1665.00 	1540.00 	1442.00 	1350.00 
NR,OC221,TNG_OUT,LI	134.00 	141.00 	144.00 	135.00 	138.00 	124.00 	120.00 	119.00 	120.00 	116.00 	111.00 	104.00 	89.00 	85.00 	80.00 	80.00 	78.00 	68.00 	64.00 	64.00 	57.00 	49.00 
NR,OC221,TNG_OUT,LT	79.00 	89.00 	81.00 	72.00 	63.00 	48.00 	41.00 	37.00 	: 	: 	: 	: 	: 	: 	: 	: 	: 	: 	: 	: 	: 	: 
NR,OC221,TNG_OUT,LV	: 	382.00 	405.00 	434.00 	477.00 	505.00 	540.00 	558.00 	579.00 	573.00 	567.00 	585.00 	569.00 	621.00 	619.00 	605.00 	596.00 	594.00 	: 	: 	: 	: 
NR,OC221,TNG_OUT,MT	: 	302.00 	267.00 	260.00 	296.00 	272.00 	235.00 	227.00 	: 	: 	: 	: 	: 	: 	: 	: 	: 	: 	: 	: 	: 	: 
NR,OC221,TNG_OUT,NL	: 	2380.00 	2333.00 	2031.00 	1694.00 	1336.00 	1288.00 	1229.00 	1142.00 	1134.00 	1352.00 	1287.00 	1186.00 	1077.00 	993.00 	941.00 	908.00 	828.00 	832.00 	773.00 	706.00 	: 
NR,OC221,TNG_OUT,NO	11697.00 	11239.00 	10794.00 	10302.00 	9818.00 	9263.00 	8733.00 	8462.00 	7951.00 	7639.00 	7283.00 	6902.00 	6646.00 	: 	: 	: 	: 	: 	: 	: 	: 	: 
NR,OC221,TNG_OUT,PL	3937.00 	3188.00 	2934.00 	2678.00 	2549.00 	2451.00 	2358.00 	2302.00 	2265.00 	2203.00 	2172.00 	2487.00 	2543.00 	2529.00 	: 	: 	: 	: 	: 	: 	: 	: 
NR,OC221,TNG_OUT,PT	: 	: 	: 	: 	6229.00 	: 	: 	: 	: 	: 	: 	: 	: 	: 	: 	: 	: 	: 	: 	: 	: 	: 
NR,OC221,TNG_OUT,RO	: 	1047.00 	1078.00 	899.00 	846.00 	561.00 	356.00 	299.00 	302.00 	259.00 	233.00 	238.00 	: 	: 	: 	: 	: 	: 	: 	: 	: 	: 
NR,OC221,TNG_OUT,RS	826.00 	609.00 	481.00 	410.00 	933.00 	898.00 	788.00 	751.00 	714.00 	695.00 	670.00 	658.00 	: 	: 	: 	: 	: 	: 	: 	: 	: 	: 
NR,OC221,TNG_OUT,SE	: 	: 	12934.00 	12639.00 	12023.00 	11477.00 	10756.00 	11029.00 	10334.00 	9674.00 	9106.00 	8598.00 	8014.00 	7488.00 	6894.00 	6351.00 	5892.00 	5448.00 	5063.00 	4690.00 	4252.00 	3839.00 
NR,OC221,TNG_OUT,SI	1081.00 	1067.00 	1072.00 	1085.00 	1092.00 	1114.00 	822.00 	810.00 	781.00 	732.00 	604.00 	531.00 	: 	: 	: 	: 	: 	: 	: 	: 	: 	: 
NR,OC221,TNG_OUT,SK	: 	: 	: 	: 	: 	: 	: 	: 	: 	: 	506.00 	436.00 	: 	: 	: 	: 	: 	: 	: 	: 	: 	: 
NR,OC221,TNG_OUT,TR	: 	: 	: 	: 	: 	: 	262.00 	262.00 	262.00 	262.00 	261.00 	258.00 	254.00 	250.00 	245.00 	240.00 	218.00 	208.00 	182.00 	156.00 	115.00 	55.00 
NR,OC221,TNG_OUT,UK	: 	: 	58053.00 	51115.00 	49164.00 	47905.00 	45732.00 	49160.00 	48980.00 	46518.00 	46399.00 	46276.00 	46343.00 	44050.00 	: 	: 	: 	: 	: 	: 	: 	: 
NR,OC221,TOT_TNG,AT	40471.00 	39694.00 	39207.00 	38252.00 	37963.00 	37651.00 	37685.00 	36772.00 	35842.00 	34491.00 	33656.00 	33042.00 	32266.00 	31585.00 	31267.00 	30426.00 	30236.00 	: 	: 	: 	: 	: 
NR,OC221,TOT_TNG,BE	72657.00 	70452.00 	68724.00 	66561.00 	63615.00 	61899.00 	60138.00 	59070.00 	57623.00 	56363.00 	54851.00 	53418.00 	52303.00 	51389.00 	50502.00 	49695.00 	49048.00 	48304.00 	47321.00 	46663.00 	45632.00 	44380.00 
NR,OC221,TOT_TNG,CH	: 	38502.00 	37882.00 	37525.00 	36900.00 	36175.00 	35325.00 	34348.00 	33242.00 	31858.00 	30849.00 	30273.00 	30166.00 	29653.00 	: 	: 	: 	: 	: 	: 	: 	: 
NR,OC221,TOT_TNG,CY	: 	: 	3768.00 	3668.00 	3449.00 	3325.00 	3152.00 	2988.00 	: 	: 	: 	: 	: 	: 	: 	: 	: 	: 	: 	: 	: 	: 
NR,OC221,TOT_TNG,CZ	44932.00 	44388.00 	43994.00 	43951.00 	43283.00 	42682.00 	41893.00 	41671.00 	42174.00 	41582.00 	42166.00 	42614.00 	42883.00 	43280.00 	43670.00 	44064.00 	43808.00 	43808.00 	43778.00 	43772.00 	43770.00 	43765.00 
NR,OC221,TOT_TNG,DE	: 	373298.00 	366810.00 	359099.00 	352869.00 	346390.00 	339728.00 	334277.00 	326945.00 	318887.00 	312695.00 	305093.00 	297835.00 	292129.00 	288182.00 	284427.00 	281309.00 	279722.00 	277885.00 	275167.00 	272296.00 	267965.00 
NR,OC221,TOT_TNG,DK	: 	: 	24715.00 	24306.00 	23689.00 	22904.00 	22335.00 	21881.00 	21610.00 	21456.00 	21107.00 	20669.00 	20164.00 	19663.00 	18886.00 	18615.00 	18072.00 	17438.00 	16608.00 	16324.00 	15717.00 	15553.00 
NR,OC221,TOT_TNG,EE	7061.00 	6972.00 	6882.00 	6786.00 	6664.00 	6535.00 	6420.00 	6293.00 	6159.00 	6018.00 	5884.00 	5764.00 	5634.00 	5525.00 	5419.00 	5336.00 	5199.00 	4817.00 	3987.00 	2259.00 	: 	: 
NR,OC221,TOT_TNG,EL	: 	66290.00 	66058.00 	65513.00 	65240.00 	65972.00 	63866.00 	63906.00 	63736.00 	63838.00 	64145.00 	64032.00 	64326.00 	63244.00 	62207.00 	59599.00 	55556.00 	53943.00 	52225.00 	50347.00 	47944.00 	47251.00 
NR,OC221,TOT_TNG,FI	: 	23916.00 	23718.00 	23469.00 	23326.00 	23097.00 	22774.00 	22439.00 	22055.00 	21623.00 	21198.00 	16873.00 	16611.00 	: 	: 	: 	: 	: 	: 	: 	: 	13560.00 
NR,OC221,TOT_TNG,FR	: 	227939.00 	227291.00 	225057.00 	225041.00 	223734.00 	222448.00 	220995.00 	219562.00 	217595.00 	215925.00 	213442.00 	212044.00 	213821.00 	212874.00 	212711.00 	211713.00 	210203.00 	207736.00 	205437.00 	202612.00 	199445.00 
NR,OC221,TOT_TNG,HR	: 	14256.00 	14312.00 	14075.00 	13885.00 	13430.00 	: 	: 	: 	: 	: 	: 	: 	: 	: 	: 	: 	: 	: 	: 	: 	: 
NR,OC221,TOT_TNG,HU	: 	30610.00 	34137.00 	33078.00 	32543.00 	31515.00 	30486.00 	32791.00 	32668.00 	33454.00 	32966.00 	33770.00 	37102.00 	37409.00 	37640.00 	37908.00 	38009.00 	38234.00 	: 	: 	: 	: 
NR,OC221,TOT_TNG,IE	25959.00 	25005.00 	23574.00 	23012.00 	22693.00 	21920.00 	20454.00 	19066.00 	18160.00 	18184.00 	18812.00 	: 	: 	: 	: 	: 	: 	: 	: 	: 	: 	: 
NR,OC221,TOT_TNG,IT	429552.00 	422333.00 	408442.00 	402811.00 	396007.00 	394906.00 	390702.00 	387405.00 	383886.00 	380785.00 	377376.00 	373616.00 	369650.00 	365544.00 	361593.00 	357519.00 	353441.00 	349341.00 	340706.00 	333050.00 	326917.00 	320733.00 
NR,OC221,TOT_TNG,LI	134.00 	141.00 	144.00 	135.00 	138.00 	124.00 	120.00 	119.00 	120.00 	116.00 	111.00 	104.00 	89.00 	85.00 	80.00 	80.00 	78.00 	68.00 	64.00 	64.00 	57.00 	49.00 
NR,OC221,TOT_TNG,LT	13795.00 	13819.00 	13908.00 	14836.00 	14578.00 	14320.00 	14270.00 	14281.00 	: 	: 	: 	: 	: 	: 	: 	: 	: 	: 	: 	: 	: 	: 
NR,OC221,TOT_TNG,LV	: 	6422.00 	7686.00 	7848.00 	8022.00 	8076.00 	8287.00 	8275.00 	8317.00 	8077.00 	7930.00 	8350.00 	7676.00 	7848.00 	7679.00 	7510.00 	7375.00 	7298.00 	: 	: 	: 	: 
NR,OC221,TOT_TNG,MT	: 	2158.00 	2029.00 	1969.00 	1855.00 	1743.00 	1636.00 	1566.00 	: 	: 	: 	: 	: 	: 	: 	: 	: 	: 	: 	: 	: 	: 
NR,OC221,TOT_TNG,NL	: 	66870.00 	65121.00 	63278.00 	61730.00 	60233.00 	59144.00 	57762.00 	55681.00 	54511.00 	51939.00 	49013.00 	47690.00 	46580.00 	45362.00 	45051.00 	43659.00 	42607.00 	42001.00 	40974.00 	39772.00 	: 
NR,OC221,TOT_TNG,NO	27781.00 	27237.00 	26452.00 	25700.00 	24906.00 	23917.00 	23040.00 	22692.00 	21821.00 	21185.00 	20681.00 	20061.00 	19513.00 	: 	: 	: 	: 	: 	: 	: 	: 	: 
NR,OC221,TOT_TNG,PL	146107.00 	142718.00 	140589.00 	138036.00 	135468.00 	133283.00 	131059.00 	129031.00 	127183.00 	125073.00 	123281.00 	121597.00 	120288.00 	119604.00 	118880.00 	119446.00 	: 	: 	: 	: 	: 	: 
NR,OC221,TOT_TNG,PT	: 	: 	: 	: 	51937.00 	: 	: 	: 	: 	: 	: 	: 	: 	: 	: 	: 	: 	: 	: 	: 	: 	: 
NR,OC221,TOT_TNG,RO	: 	57845.00 	56465.00 	55716.00 	55603.00 	50697.00 	48412.00 	39858.00 	42179.00 	42775.00 	44780.00 	45055.00 	: 	: 	: 	: 	: 	: 	: 	: 	: 	: 
NR,OC221,TOT_TNG,RS	36238.00 	34221.00 	33926.00 	32481.00 	30641.00 	30270.00 	30036.00 	29469.00 	28660.00 	27770.00 	26865.00 	26014.00 	: 	: 	: 	: 	: 	: 	: 	: 	: 	: 
NR,OC221,TOT_TNG,SE	: 	: 	44046.00 	43967.00 	42945.00 	42017.00 	40919.00 	40637.00 	39638.00 	38541.00 	37499.00 	36524.00 	35550.00 	34604.00 	33801.00 	32833.00 	31841.00 	31022.00 	30316.00 	29469.00 	28481.00 	27501.00 
NR,OC221,TOT_TNG,SI	6838.00 	6645.00 	6514.00 	6409.00 	6311.00 	6012.00 	5830.00 	5712.00 	5416.00 	5228.00 	5121.00 	4979.00 	: 	: 	: 	: 	: 	: 	: 	: 	: 	: 
NR,OC221,TOT_TNG,SK	: 	: 	: 	: 	: 	: 	: 	: 	: 	: 	16899.00 	16575.00 	: 	: 	: 	: 	: 	: 	: 	: 	: 	: 
NR,OC221,TOT_TNG,TR	: 	: 	: 	: 	: 	: 	141259.00 	135616.00 	133775.00 	129772.00 	126029.00 	123447.00 	118641.00 	113151.00 	108402.00 	104475.00 	100853.00 	97110.00 	94466.00 	91949.00 	89804.00 	85242.00 
NR,OC221,TOT_TNG,UK	: 	: 	191326.00 	174845.00 	171527.00 	168801.00 	166324.00 	172721.00 	169015.00 	160378.00 	158439.00 	155310.00 	153838.00 	147417.00 	: 	: 	: 	: 	: 	: 	: 	: 
NR,OC221,UNK_TNG,CY	: 	: 	0.00 	0.00 	0.00 	0.00 	0.00 	0.00 	: 	: 	: 	: 	: 	: 	: 	: 	: 	: 	: 	: 	: 	: 
NR,OC221,UNK_TNG,DK	: 	: 	20.00 	23.00 	23.00 	27.00 	28.00 	31.00 	29.00 	29.00 	30.00 	39.00 	47.00 	52.00 	56.00 	60.00 	59.00 	62.00 	69.00 	73.00 	81.00 	85.00 
NR,OC221,UNK_TNG,EL	: 	348.00 	256.00 	422.00 	432.00 	431.00 	433.00 	454.00 	451.00 	445.00 	: 	: 	: 	: 	: 	: 	: 	: 	: 	: 	: 	: 
NR,OC221,UNK_TNG,FI	: 	30.00 	37.00 	52.00 	70.00 	81.00 	96.00 	106.00 	117.00 	130.00 	152.00 	: 	: 	: 	: 	: 	: 	: 	: 	: 	: 	287.00 
NR,OC221,UNK_TNG,FR	: 	: 	: 	: 	: 	: 	: 	: 	: 	: 	: 	305.00 	329.00 	333.00 	324.00 	325.00 	340.00 	347.00 	356.00 	364.00 	338.00 	344.00 
NR,OC221,UNK_TNG,HR	: 	: 	: 	0.00 	: 	1.00 	: 	: 	: 	: 	: 	: 	: 	: 	: 	: 	: 	: 	: 	: 	: 	: 
NR,OC221,UNK_TNG,IE	: 	: 	0.00 	0.00 	0.00 	0.00 	4.00 	7.00 	37.00 	390.00 	16.00 	: 	: 	: 	: 	: 	: 	: 	: 	: 	: 	: 
NR,OC221,UNK_TNG,IT	2515.00 	884.00 	923.00 	859.00 	4.00 	1702.00 	1672.00 	1723.00 	1696.00 	1670.00 	1642.00 	1607.00 	1557.00 	1512.00 	1489.00 	1459.00 	1412.00 	1344.00 	1310.00 	1263.00 	1221.00 	1205.00 
NR,OC221,UNK_TNG,LT	64.00 	33.00 	4.00 	4.00 	4.00 	4.00 	3.00 	4.00 	: 	: 	: 	: 	: 	: 	: 	: 	: 	: 	: 	: 	: 	: 
NR,OC221,UNK_TNG,MT	: 	: 	0.00 	0.00 	0.00 	0.00 	4.00 	1.00 	: 	: 	: 	: 	: 	: 	: 	: 	: 	: 	: 	: 	: 	: 
NR,OC221,UNK_TNG,NL	: 	0.00 	0.00 	0.00 	0.00 	0.00 	0.00 	0.00 	0.00 	0.00 	3626.00 	3887.00 	5490.00 	6885.00 	7964.00 	9023.00 	9595.00 	10704.00 	10353.00 	9935.00 	9546.00 	: 
NR,OC221,UNK_TNG,NO	352.00 	419.00 	375.00 	368.00 	336.00 	307.00 	321.00 	309.00 	290.00 	294.00 	306.00 	348.00 	336.00 	: 	: 	: 	: 	: 	: 	: 	: 	: 
NR,OC221,UNK_TNG,PT	: 	: 	: 	: 	0.00 	: 	: 	: 	: 	: 	: 	: 	: 	: 	: 	: 	: 	: 	: 	: 	: 	: 
NR,OC221,UNK_TNG,RS	2882.00 	2544.00 	3450.00 	6211.00 	8714.00 	9113.00 	15705.00 	15025.00 	14257.00 	13502.00 	12812.00 	12703.00 	: 	: 	: 	: 	: 	: 	: 	: 	: 	: 
NR,OC221,UNK_TNG,SE	: 	: 	1675.00 	2090.00 	2470.00 	2752.00 	3152.00 	: 	: 	: 	: 	: 	: 	: 	: 	: 	: 	: 	: 	: 	: 	: 
NR,OC221,UNK_TNG,SK	: 	: 	: 	: 	: 	: 	: 	: 	: 	: 	4268.00 	4350.00 	: 	: 	: 	: 	: 	: 	: 	: 	: 	: 
NR,OC221,UNK_TNG,UK	: 	: 	9952.00 	8260.00 	7397.00 	7395.00 	10254.00 	5600.00 	5019.00 	4469.00 	4720.00 	5003.00 	3739.00 	3135.00 	: 	: 	: 	: 	: 	: 	: 	: 
NR,OC2221_3221,TNGO_IF,AT	: 	797.00 	661.00 	624.00 	655.00 	839.00 	983.00 	992.00 	900.00 	: 	: 	: 	: 	: 	: 	: 	: 	: 	: 	: 	: 	: 
NR,OC2221_3221,TNGO_IF,BE	532.00 	567.00 	509.00 	622.00 	464.00 	590.00 	726.00 	783.00 	890.00 	886.00 	425.00 	361.00 	300.00 	265.00 	218.00 	148.00 	121.00 	101.00 	80.00 	73.00 	90.00 	98.00 
NR,OC2221_3221,TNGO_IF,BG	5.00 	6.00 	3.00 	1.00 	1.00 	1.00 	2.00 	1.00 	1.00 	2.00 	: 	: 	2.00 	1.00 	: 	: 	: 	: 	: 	: 	: 	: 
NR,OC2221_3221,TNGO_IF,CH	2205.00 	2367.00 	2034.00 	2123.00 	2231.00 	2294.00 	2492.00 	2472.00 	2654.00 	2662.00 	2688.00 	2237.00 	2630.00 	2790.00 	2434.00 	1871.00 	1590.00 	2021.00 	3344.00 	: 	: 	: 
NR,OC2221_3221,TNGO_IF,DE	: 	7710.00 	7014.00 	5142.00 	4698.00 	3699.00 	3342.00 	2631.00 	1875.00 	663.00 	: 	: 	: 	: 	: 	: 	: 	: 	: 	: 	: 	: 
NR,OC2221_3221,TNGO_IF,DK	122.00 	98.00 	138.00 	91.00 	119.00 	121.00 	81.00 	99.00 	74.00 	62.00 	102.00 	162.00 	425.00 	513.00 	241.00 	144.00 	107.00 	106.00 	100.00 	104.00 	92.00 	94.00 
NR,OC2221_3221,TNGO_IF,EE	3.00 	3.00 	3.00 	4.00 	6.00 	2.00 	4.00 	0.00 	0.00 	0.00 	1.00 	2.00 	1.00 	: 	: 	: 	: 	: 	: 	: 	: 	: 
NR,OC2221_3221,TNGO_IF,EL	: 	: 	: 	: 	: 	: 	1.00 	3.00 	6.00 	3.00 	4.00 	10.00 	30.00 	45.00 	37.00 	105.00 	206.00 	: 	: 	: 	: 	: 
NR,OC2221_3221,TNGO_IF,ES	593.00 	617.00 	596.00 	141.00 	153.00 	55.00 	105.00 	200.00 	237.00 	316.00 	488.00 	683.00 	923.00 	1243.00 	1384.00 	871.00 	569.00 	563.00 	393.00 	151.00 	207.00 	107.00 
NR,OC2221_3221,TNGO_IF,FI	: 	60.00 	49.00 	33.00 	39.00 	40.00 	58.00 	125.00 	156.00 	199.00 	181.00 	155.00 	126.00 	89.00 	78.00 	71.00 	58.00 	39.00 	14.00 	23.00 	17.00 	21.00 
NR,OC2221_3221,TNGO_IF,FR	: 	392.00 	201.00 	433.00 	470.00 	571.00 	619.00 	542.00 	566.00 	803.00 	574.00 	447.00 	411.00 	297.00 	250.00 	248.00 	256.00 	326.00 	374.00 	370.00 	260.00 	159.00 
NR,OC2221_3221,TNGO_IF,HU	: 	74.00 	53.00 	107.00 	88.00 	71.00 	72.00 	49.00 	48.00 	: 	: 	: 	: 	: 	: 	: 	: 	: 	: 	: 	: 	: 
NR,OC2221_3221,TNGO_IF,IE	3468.00 	2236.00 	2301.00 	2457.00 	3279.00 	1972.00 	796.00 	443.00 	390.00 	304.00 	222.00 	211.00 	290.00 	773.00 	: 	: 	: 	: 	: 	: 	: 	: 
NR,OC2221_3221,TNGO_IF,IS	: 	53.00 	76.00 	65.00 	22.00 	: 	: 	: 	: 	: 	: 	: 	: 	: 	: 	: 	: 	: 	: 	: 	: 	: 
NR,OC2221_3221,TNGO_IF,IT	758.00 	576.00 	469.00 	304.00 	328.00 	729.00 	617.00 	887.00 	955.00 	1303.00 	1837.00 	2105.00 	2296.00 	2586.00 	3607.00 	3746.00 	3323.00 	2764.00 	2260.00 	1164.00 	505.00 	153.00 
NR,OC2221_3221,TNGO_IF,LT	2.00 	15.00 	6.00 	4.00 	4.00 	8.00 	9.00 	5.00 	: 	: 	: 	: 	: 	: 	: 	: 	: 	: 	: 	: 	: 	: 
NR,OC2221_3221,TNGO_IF,LV	: 	0.00 	1.00 	0.00 	0.00 	2.00 	2.00 	7.00 	11.00 	10.00 	5.00 	14.00 	6.00 	70.00 	24.00 	11.00 	22.00 	32.00 	: 	: 	: 	: 
NR,OC2221_3221,TNGO_IF,NL	: 	193.00 	381.00 	135.00 	127.00 	84.00 	100.00 	49.00 	12.00 	18.00 	70.00 	91.00 	92.00 	108.00 	70.00 	102.00 	113.00 	113.00 	116.00 	157.00 	: 	: 
NR,OC2221_3221,TNGO_IF,NO	1418.00 	1236.00 	1283.00 	1195.00 	1367.00 	1288.00 	1790.00 	2196.00 	2888.00 	2633.00 	2355.00 	2498.00 	2851.00 	2756.00 	2259.00 	1977.00 	1791.00 	1329.00 	1831.00 	1567.00 	1467.00 	1737.00 
NR,OC2221_3221,TNGO_IF,PL	175.00 	16.00 	53.00 	31.00 	15.00 	21.00 	14.00 	: 	: 	7.00 	5.00 	6.00 	8.00 	5.00 	11.00 	3.00 	4.00 	: 	3.00 	1.00 	2.00 	2.00 
NR,OC2221_3221,TNGO_IF,RO	: 	12.00 	5.00 	7.00 	9.00 	22.00 	7.00 	9.00 	6.00 	3.00 	8.00 	13.00 	: 	: 	: 	: 	: 	: 	: 	: 	: 	: 
NR,OC2221_3221,TNGO_IF,SE	: 	: 	216.00 	194.00 	196.00 	217.00 	186.00 	175.00 	169.00 	142.00 	142.00 	127.00 	105.00 	130.00 	138.00 	105.00 	125.00 	156.00 	218.00 	211.00 	238.00 	287.00 
NR,OC2221_3221,TNGO_IF,TR	: 	: 	: 	: 	: 	: 	57.00 	82.00 	68.00 	59.00 	25.00 	12.00 	12.00 	9.00 	14.00 	15.00 	17.00 	21.00 	15.00 	11.00 	18.00 	21.00 
NR,OC2221_3221,TNGO_IF,UK	: 	: 	6925.00 	6009.00 	3447.00 	10399.00 	10688.00 	7412.00 	5371.00 	4361.00 	4203.00 	3097.00 	2093.00 	2730.00 	3728.00 	7274.00 	11108.00 	13054.00 	14640.00 	10006.00 	: 	: 
NR,OC2221_3221,TNGO_NAT,CH	: 	1846.00 	1823.00 	1520.00 	1387.00 	1381.00 	1389.00 	1486.00 	1430.00 	958.00 	703.00 	411.00 	: 	: 	: 	: 	: 	: 	: 	: 	: 	: 
NR,OC2221_3221,TNGO_NAT,EL	: 	: 	: 	: 	: 	: 	416.00 	415.00 	412.00 	406.00 	403.00 	400.00 	392.00 	366.00 	323.00 	291.00 	199.00 	: 	: 	: 	: 	: 
NR,OC2221_3221,TNGO_NAT,FI	: 	503.00 	493.00 	479.00 	477.00 	469.00 	462.00 	459.00 	434.00 	403.00 	354.00 	317.00 	257.00 	220.00 	192.00 	173.00 	150.00 	135.00 	122.00 	118.00 	106.00 	98.00 
NR,OC2221_3221,TNGO_NAT,HU	: 	22.00 	17.00 	17.00 	17.00 	13.00 	18.00 	: 	: 	: 	: 	: 	: 	: 	: 	: 	: 	: 	: 	: 	: 	: 
NR,OC2221_3221,TNGO_NAT,IE	7961.00 	: 	: 	: 	: 	: 	: 	: 	: 	: 	: 	: 	: 	: 	: 	: 	: 	: 	: 	: 	: 	: 
NR,OC2221_3221,TNGO_NAT,IT	485.00 	474.00 	455.00 	458.00 	449.00 	493.00 	509.00 	468.00 	481.00 	479.00 	488.00 	483.00 	467.00 	463.00 	443.00 	403.00 	375.00 	351.00 	322.00 	300.00 	281.00 	268.00 
NR,OC2221_3221,TNGO_NAT,NL	: 	906.00 	785.00 	524.00 	492.00 	249.00 	261.00 	47.00 	22.00 	22.00 	: 	: 	: 	: 	: 	: 	: 	: 	: 	: 	: 	: 
NR,OC2221_3221,TNGO_NAT,NO	1140.00 	1113.00 	1111.00 	1118.00 	1113.00 	1128.00 	1128.00 	1110.00 	1096.00 	1068.00 	1060.00 	1037.00 	982.00 	: 	: 	: 	: 	: 	: 	: 	: 	: 
NR,OC2221_3221,TNGO_NAT,PT	: 	: 	: 	: 	: 	: 	: 	29.00 	: 	: 	: 	: 	: 	: 	: 	: 	: 	: 	: 	: 	: 	: 
NR,OC2221_3221,TNGO_NAT,RO	: 	69.00 	58.00 	52.00 	43.00 	52.00 	33.00 	28.00 	21.00 	15.00 	13.00 	9.00 	: 	: 	: 	: 	: 	: 	: 	: 	: 	: 
NR,OC2221_3221,TNGO_NAT,SE	: 	: 	366.00 	340.00 	317.00 	296.00 	278.00 	335.00 	312.00 	300.00 	306.00 	295.00 	282.00 	274.00 	262.00 	241.00 	234.00 	221.00 	210.00 	199.00 	178.00 	169.00 
NR,OC2221_3221,TNGO_NAT,TR	: 	: 	: 	: 	: 	: 	397.00 	342.00 	261.00 	198.00 	153.00 	135.00 	127.00 	118.00 	111.00 	98.00 	86.00 	74.00 	56.00 	45.00 	35.00 	19.00 
NR,OC2221_3221,TNG_IN,AT	: 	89986.00 	86838.00 	: 	: 	: 	: 	: 	: 	: 	: 	: 	: 	: 	: 	: 	: 	: 	: 	: 	: 	: 
NR,OC2221_3221,TNG_IN,BE	214119.00 	209674.00 	205897.00 	202617.00 	197041.00 	191278.00 	185677.00 	180867.00 	175963.00 	171392.00 	167219.00 	163140.00 	159552.00 	156173.00 	152757.00 	149527.00 	146350.00 	143292.00 	139922.00 	136732.00 	133110.00 	129881.00 
NR,OC2221_3221,TNG_IN,CH	: 	48978.00 	46741.00 	42925.00 	42974.00 	42217.00 	39509.00 	35129.00 	33515.00 	27581.00 	20952.00 	18460.00 	: 	: 	: 	: 	: 	: 	: 	: 	: 	: 
NR,OC2221_3221,TNG_IN,DE	: 	910000.00 	893000.00 	872000.00 	845000.00 	834000.00 	814000.00 	809000.00 	797000.00 	770000.00 	: 	: 	: 	: 	: 	: 	: 	: 	: 	: 	: 	: 
NR,OC2221_3221,TNG_IN,DK	: 	: 	57812.00 	57425.00 	56774.00 	55956.00 	55361.00 	55028.00 	54849.00 	54620.00 	53918.00 	53388.00 	53009.00 	51507.00 	49923.00 	51093.00 	51152.00 	50238.00 	49277.00 	49936.00 	49196.00 	48884.00 
NR,OC2221_3221,TNG_IN,EE	14825.00 	14410.00 	14060.00 	13770.00 	13490.00 	13161.00 	12838.00 	12517.00 	12204.00 	11852.00 	11539.00 	11265.00 	11026.00 	10777.00 	10541.00 	10264.00 	9990.00 	9414.00 	7663.00 	4409.00 	: 	: 
NR,OC2221_3221,TNG_IN,EL	: 	: 	: 	: 	: 	: 	17319.00 	17146.00 	16949.00 	16634.00 	16469.00 	16081.00 	15698.00 	14391.00 	12213.00 	9712.00 	6949.00 	: 	: 	: 	: 	: 
NR,OC2221_3221,TNG_IN,FI	: 	114919.00 	113011.00 	110422.00 	108287.00 	106103.00 	104333.00 	102042.00 	100567.00 	99326.00 	98113.00 	97019.00 	95740.00 	94183.00 	92566.00 	91001.00 	89933.00 	88452.00 	87230.00 	85818.00 	83782.00 	81805.00 
NR,OC2221_3221,TNG_IN,FR	: 	741350.00 	721972.00 	700743.00 	679862.00 	660971.00 	640868.00 	619455.00 	598920.00 	578660.00 	551914.00 	533295.00 	514485.00 	494275.00 	474805.00 	479728.00 	465066.00 	448710.00 	434169.00 	420668.00 	408534.00 	395202.00 
NR,OC2221_3221,TNG_IN,HR	: 	41907.00 	40779.00 	39745.00 	38563.00 	: 	: 	: 	: 	: 	: 	: 	: 	: 	: 	: 	: 	: 	: 	: 	: 	: 
NR,OC2221_3221,TNG_IN,HU	: 	63162.00 	63712.00 	63700.00 	62786.00 	60260.00 	58393.00 	59413.00 	52673.00 	: 	: 	: 	: 	: 	: 	: 	: 	: 	: 	: 	: 	: 
NR,OC2221_3221,TNG_IN,IE	34231.00 	: 	: 	: 	: 	: 	: 	: 	: 	: 	: 	: 	: 	: 	: 	: 	: 	: 	: 	: 	: 	: 
NR,OC2221_3221,TNG_IN,IT	400151.00 	287830.00 	259051.00 	267201.00 	269912.00 	311528.00 	318544.00 	310888.00 	309200.00 	310016.00 	311428.00 	312841.00 	313167.00 	315191.00 	312829.00 	312400.00 	314668.00 	312329.00 	306605.00 	301091.00 	294444.00 	289297.00 
NR,OC2221_3221,TNG_IN,LT	25570.00 	26134.00 	25950.00 	25965.00 	26807.00 	27626.00 	28488.00 	28286.00 	: 	: 	: 	: 	: 	: 	: 	: 	: 	: 	: 	: 	: 	: 
NR,OC2221_3221,TNG_IN,LV	: 	7760.00 	8190.00 	8251.00 	8186.00 	8425.00 	8481.00 	8863.00 	8837.00 	8768.00 	8651.00 	9051.00 	9060.00 	9879.00 	9144.00 	8856.00 	8577.00 	8101.00 	: 	: 	: 	: 
NR,OC2221_3221,TNG_IN,NL	: 	190525.00 	184205.00 	189796.00 	184906.00 	180737.00 	177404.00 	174160.00 	205446.00 	203198.00 	197336.00 	193117.00 	189442.00 	189171.00 	185153.00 	184841.00 	183496.00 	180500.00 	177985.00 	172977.00 	168085.00 	: 
NR,OC2221_3221,TNG_IN,NO	91356.00 	89179.00 	87644.00 	86068.00 	84352.00 	82606.00 	80813.00 	77867.00 	75849.00 	74184.00 	72735.00 	70912.00 	69392.00 	: 	: 	: 	: 	: 	: 	: 	: 	: 
NR,OC2221_3221,TNG_IN,PL	307250.00 	302896.00 	299376.00 	295246.00 	291628.00 	288245.00 	: 	: 	: 	: 	: 	: 	: 	: 	: 	: 	: 	: 	: 	: 	: 	: 
NR,OC2221_3221,TNG_IN,PT	: 	: 	: 	: 	: 	: 	: 	65261.00 	63921.00 	63530.00 	62577.00 	60561.00 	57727.00 	54822.00 	52085.00 	48810.00 	45922.00 	43504.00 	41700.00 	39948.00 	: 	: 
NR,OC2221_3221,TNG_IN,RO	: 	161658.00 	154516.00 	154427.00 	153376.00 	151749.00 	130908.00 	126985.00 	123377.00 	120267.00 	118065.00 	116546.00 	: 	: 	: 	: 	: 	: 	: 	: 	: 	: 
NR,OC2221_3221,TNG_IN,SE	: 	: 	107722.00 	107002.00 	106208.00 	105225.00 	104241.00 	105021.00 	104288.00 	103274.00 	102245.00 	101244.00 	99726.00 	98897.00 	97812.00 	96097.00 	94159.00 	92017.00 	90447.00 	89110.00 	87079.00 	85733.00 
NR,OC2221_3221,TNG_IN,SI	: 	8858.00 	7963.00 	7090.00 	6576.00 	: 	5326.00 	5003.00 	4777.00 	4532.00 	4472.00 	4316.00 	: 	: 	: 	: 	: 	: 	: 	: 	: 	: 
NR,OC2221_3221,TNG_IN,TR	: 	: 	: 	: 	: 	: 	152347.00 	142033.00 	139227.00 	134657.00 	124792.00 	114607.00 	105023.00 	99769.00 	94529.00 	82508.00 	78079.00 	75667.00 	74418.00 	72343.00 	72568.00 	69529.00 
NR,OC2221_3221,TNG_IN,UK	: 	: 	553453.00 	550016.00 	546722.00 	547734.00 	553850.00 	555303.00 	553642.00 	552418.00 	550709.00 	549517.00 	546792.00 	543871.00 	551074.00 	555029.00 	550519.00 	547138.00 	542554.00 	532817.00 	: 	: 
NR,OC2221_3221,TNG_OUT,AT	: 	12662.00 	12177.00 	: 	: 	: 	: 	: 	: 	: 	: 	: 	: 	: 	: 	: 	: 	: 	: 	: 	: 	: 
NR,OC2221_3221,TNG_OUT,BE	9526.00 	8990.00 	8420.00 	7889.00 	7215.00 	6752.00 	6128.00 	5411.00 	4629.00 	3725.00 	2843.00 	2419.00 	2064.00 	1767.00 	1505.00 	1290.00 	1142.00 	1021.00 	921.00 	841.00 	768.00 	679.00 
NR,OC2221_3221,TNG_OUT,CH	: 	19947.00 	19208.00 	18122.00 	18403.00 	18352.00 	17765.00 	16756.00 	15872.00 	11553.00 	9037.00 	8618.00 	: 	: 	: 	: 	: 	: 	: 	: 	: 	: 
NR,OC2221_3221,TNG_OUT,DE	: 	93000.00 	87000.00 	83000.00 	70000.00 	61000.00 	63000.00 	59000.00 	54000.00 	50000.00 	: 	: 	: 	: 	: 	: 	: 	: 	: 	: 	: 	: 
NR,OC2221_3221,TNG_OUT,DK	: 	: 	1098.00 	1084.00 	1047.00 	1034.00 	1010.00 	1031.00 	1039.00 	1073.00 	1081.00 	1092.00 	1100.00 	970.00 	842.00 	825.00 	793.00 	805.00 	786.00 	817.00 	808.00 	821.00 
NR,OC2221_3221,TNG_OUT,EE	29.00 	26.00 	23.00 	20.00 	16.00 	10.00 	8.00 	4.00 	4.00 	4.00 	4.00 	3.00 	1.00 	: 	: 	: 	: 	: 	: 	: 	: 	: 
NR,OC2221_3221,TNG_OUT,EL	: 	: 	: 	: 	: 	: 	451.00 	449.00 	446.00 	440.00 	437.00 	433.00 	423.00 	393.00 	348.00 	311.00 	206.00 	: 	: 	: 	: 	: 
NR,OC2221_3221,TNG_OUT,FI	: 	1598.00 	1561.00 	1532.00 	1511.00 	1486.00 	1466.00 	1424.00 	1311.00 	1163.00 	969.00 	797.00 	646.00 	521.00 	432.00 	355.00 	287.00 	229.00 	192.00 	178.00 	156.00 	139.00 
NR,OC2221_3221,TNG_OUT,FR	: 	21849.00 	21269.00 	20757.00 	20053.00 	19405.00 	18647.00 	17682.00 	16754.00 	15797.00 	14495.00 	13395.00 	12627.00 	11921.00 	11411.00 	11658.00 	11211.00 	10561.00 	9666.00 	8598.00 	7682.00 	6937.00 
NR,OC2221_3221,TNG_OUT,HR	: 	443.00 	428.00 	401.00 	364.00 	: 	: 	: 	: 	: 	: 	: 	: 	: 	: 	: 	: 	: 	: 	: 	: 	: 
NR,OC2221_3221,TNG_OUT,HU	: 	1035.00 	1010.00 	995.00 	953.00 	907.00 	880.00 	803.00 	650.00 	: 	: 	: 	: 	: 	: 	: 	: 	: 	: 	: 	: 	: 
NR,OC2221_3221,TNG_OUT,IE	29834.00 	: 	: 	: 	: 	: 	: 	: 	: 	: 	: 	: 	: 	: 	: 	: 	: 	: 	: 	: 	: 	: 
NR,OC2221_3221,TNG_OUT,IT	23712.00 	22610.00 	21432.00 	21561.00 	22121.00 	23308.00 	24246.00 	23953.00 	24074.00 	23915.00 	23621.00 	22774.00 	21684.00 	20143.00 	18227.00 	15304.00 	11708.00 	8390.00 	5627.00 	3369.00 	2206.00 	1701.00 
NR,OC2221_3221,TNG_OUT,LT	111.00 	121.00 	115.00 	113.00 	104.00 	118.00 	111.00 	98.00 	: 	: 	: 	: 	: 	: 	: 	: 	: 	: 	: 	: 	: 	: 
NR,OC2221_3221,TNG_OUT,LV	: 	208.00 	217.00 	223.00 	274.00 	277.00 	296.00 	350.00 	362.00 	368.00 	381.00 	421.00 	425.00 	489.00 	423.00 	413.00 	414.00 	402.00 	: 	: 	: 	: 
NR,OC2221_3221,TNG_OUT,NL	: 	2681.00 	2596.00 	2467.00 	2439.00 	978.00 	962.00 	153.00 	68.00 	63.00 	1358.00 	2223.00 	2301.00 	2256.00 	2156.00 	2149.00 	2075.00 	1974.00 	1862.00 	1722.00 	1495.00 	: 
NR,OC2221_3221,TNG_OUT,NO	6275.00 	6086.00 	6136.00 	6057.00 	8390.00 	8321.00 	8317.00 	8036.00 	7713.00 	7458.00 	7076.00 	6402.00 	5899.00 	: 	: 	: 	: 	: 	: 	: 	: 	: 
NR,OC2221_3221,TNG_OUT,PL	582.00 	315.00 	243.00 	191.00 	162.00 	150.00 	: 	: 	: 	: 	: 	: 	: 	: 	: 	: 	: 	: 	: 	: 	: 	: 
NR,OC2221_3221,TNG_OUT,PT	: 	: 	: 	: 	: 	: 	: 	1212.00 	1947.00 	1937.00 	1958.00 	2005.00 	2018.00 	2037.00 	2135.00 	2285.00 	2374.00 	2402.00 	2278.00 	1954.00 	: 	: 
NR,OC2221_3221,TNG_OUT,RO	: 	78.00 	66.00 	60.00 	48.00 	63.00 	41.00 	34.00 	27.00 	22.00 	22.00 	15.00 	: 	: 	: 	: 	: 	: 	: 	: 	: 	: 
NR,OC2221_3221,TNG_OUT,SE	: 	: 	3700.00 	3594.00 	3458.00 	3316.00 	3141.00 	2967.00 	2852.00 	2792.00 	2764.00 	2734.00 	2708.00 	2723.00 	2709.00 	2695.00 	2719.00 	2713.00 	2686.00 	2606.00 	2469.00 	2344.00 
NR,OC2221_3221,TNG_OUT,SI	: 	341.00 	177.00 	137.00 	27.00 	: 	20.00 	19.00 	20.00 	19.00 	18.00 	17.00 	: 	: 	: 	: 	: 	: 	: 	: 	: 	: 
NR,OC2221_3221,TNG_OUT,TR	: 	: 	: 	: 	: 	: 	456.00 	399.00 	317.00 	249.00 	190.00 	165.00 	153.00 	141.00 	132.00 	118.00 	103.00 	86.00 	65.00 	50.00 	39.00 	21.00 
NR,OC2221_3221,TNG_OUT,UK	: 	: 	101510.00 	97222.00 	95194.00 	96687.00 	90157.00 	82060.00 	77090.00 	74334.00 	72586.00 	70750.00 	69884.00 	71204.00 	75199.00 	77012.00 	73280.00 	64459.00 	53134.00 	39912.00 	: 	: 
NR,OC2221_3221,TOT_TNG,AT	: 	102648.00 	99015.00 	: 	: 	: 	: 	: 	: 	: 	: 	: 	: 	: 	: 	: 	: 	: 	: 	: 	: 	: 
NR,OC2221_3221,TOT_TNG,BE	223645.00 	218664.00 	214317.00 	210506.00 	204256.00 	198030.00 	191805.00 	186278.00 	180592.00 	175117.00 	170062.00 	165559.00 	161616.00 	157940.00 	154262.00 	150817.00 	147492.00 	144313.00 	140843.00 	137573.00 	133878.00 	130560.00 
NR,OC2221_3221,TOT_TNG,CH	: 	76663.00 	74245.00 	72521.00 	71005.00 	70866.00 	68785.00 	66445.00 	64620.00 	62103.00 	60674.00 	58508.00 	: 	: 	: 	: 	: 	: 	: 	: 	: 	: 
NR,OC2221_3221,TOT_TNG,DE	: 	1003000.00 	980000.00 	955000.00 	916000.00 	895000.00 	876000.00 	868000.00 	850000.00 	820000.00 	: 	: 	: 	: 	: 	: 	: 	: 	: 	: 	: 	: 
NR,OC2221_3221,TOT_TNG,DK	: 	: 	58910.00 	58509.00 	57821.00 	56991.00 	56372.00 	56060.00 	55889.00 	55694.00 	55000.00 	54481.00 	54110.00 	52478.00 	50766.00 	51919.00 	51946.00 	51044.00 	50064.00 	50754.00 	50005.00 	49706.00 
NR,OC2221_3221,TOT_TNG,EE	14854.00 	14436.00 	14083.00 	13790.00 	13506.00 	13171.00 	12846.00 	12521.00 	12208.00 	11856.00 	11543.00 	11268.00 	11027.00 	10777.00 	10541.00 	10264.00 	9990.00 	9414.00 	7663.00 	4409.00 	: 	: 
NR,OC2221_3221,TOT_TNG,EL	: 	: 	: 	: 	: 	: 	17770.00 	17595.00 	17395.00 	17074.00 	16906.00 	16514.00 	16121.00 	14784.00 	12561.00 	10023.00 	7155.00 	: 	: 	: 	: 	: 
NR,OC2221_3221,TOT_TNG,FI	: 	116554.00 	114610.00 	111993.00 	109837.00 	107629.00 	105839.00 	103507.00 	101926.00 	100536.00 	99129.00 	97833.00 	96399.00 	94716.00 	93010.00 	91368.00 	90232.00 	88694.00 	87434.00 	86009.00 	83952.00 	81956.00 
NR,OC2221_3221,TOT_TNG,FR	: 	764260.00 	744307.00 	722572.00 	700988.00 	681459.00 	660611.00 	638248.00 	616796.00 	595594.00 	567564.00 	547861.00 	528389.00 	507514.00 	487663.00 	493503.00 	478483.00 	461503.00 	446100.00 	431565.00 	418571.00 	404564.00 
NR,OC2221_3221,TOT_TNG,HR	: 	42350.00 	41207.00 	40146.00 	38927.00 	: 	: 	: 	: 	: 	: 	: 	: 	: 	: 	: 	: 	: 	: 	: 	: 	: 
NR,OC2221_3221,TOT_TNG,HU	: 	64197.00 	64722.00 	64695.00 	63739.00 	61167.00 	59273.00 	60216.00 	53323.00 	: 	: 	: 	: 	: 	: 	: 	: 	: 	: 	: 	: 	: 
NR,OC2221_3221,TOT_TNG,IE	64072.00 	: 	: 	77115.00 	70953.00 	67559.00 	65203.00 	64790.00 	66409.00 	66888.00 	67130.00 	67415.00 	68483.00 	68614.00 	67245.00 	65415.00 	62639.00 	60774.00 	58981.00 	60084.00 	57059.00 	53072.00 
NR,OC2221_3221,TOT_TNG,IT	455090.00 	454311.00 	449571.00 	449781.00 	444968.00 	433283.00 	428401.00 	424813.00 	414448.00 	405624.00 	397859.00 	390664.00 	383170.00 	376835.00 	366756.00 	358747.00 	351950.00 	341670.00 	329209.00 	318394.00 	310122.00 	304159.00 
NR,OC2221_3221,TOT_TNG,LT	25736.00 	26314.00 	26065.00 	26078.00 	26911.00 	27744.00 	28599.00 	28384.00 	: 	: 	: 	: 	: 	: 	: 	: 	: 	: 	: 	: 	: 	: 
NR,OC2221_3221,TOT_TNG,LV	: 	7968.00 	8407.00 	8474.00 	8460.00 	8702.00 	8777.00 	9213.00 	9199.00 	9136.00 	9032.00 	9472.00 	9485.00 	10368.00 	9567.00 	9269.00 	8991.00 	8503.00 	: 	: 	: 	: 
NR,OC2221_3221,TOT_TNG,NL	: 	193206.00 	186801.00 	192263.00 	187345.00 	181715.00 	178366.00 	174313.00 	205514.00 	203261.00 	198694.00 	195340.00 	191743.00 	191427.00 	187309.00 	186990.00 	185571.00 	182474.00 	179847.00 	174699.00 	169580.00 	: 
NR,OC2221_3221,TOT_TNG,NO	101927.00 	99749.00 	98487.00 	96949.00 	96062.00 	94352.00 	92673.00 	89558.00 	87390.00 	85618.00 	83851.00 	81405.00 	79388.00 	: 	: 	: 	: 	: 	: 	: 	: 	: 
NR,OC2221_3221,TOT_TNG,PL	307832.00 	303211.00 	299619.00 	295437.00 	291790.00 	288395.00 	285390.00 	: 	: 	278496.00 	275652.00 	274181.00 	271224.00 	268015.00 	: 	: 	: 	: 	: 	: 	: 	: 
NR,OC2221_3221,TOT_TNG,PT	: 	: 	: 	: 	: 	: 	: 	66473.00 	65868.00 	65467.00 	64535.00 	62566.00 	59745.00 	56859.00 	54220.00 	51095.00 	48296.00 	45906.00 	43978.00 	41902.00 	: 	: 
NR,OC2221_3221,TOT_TNG,RO	: 	161736.00 	154582.00 	154487.00 	153424.00 	151812.00 	130949.00 	127019.00 	123404.00 	120289.00 	118087.00 	116561.00 	: 	: 	: 	: 	: 	: 	: 	: 	: 	: 
NR,OC2221_3221,TOT_TNG,SE	: 	: 	111533.00 	110707.00 	109781.00 	108670.00 	107529.00 	107988.00 	107140.00 	106066.00 	105009.00 	103978.00 	102434.00 	101620.00 	100521.00 	98792.00 	96878.00 	94730.00 	93133.00 	91716.00 	89548.00 	88077.00 
NR,OC2221_3221,TOT_TNG,SI	: 	9199.00 	8144.00 	7231.00 	6731.00 	: 	5346.00 	5022.00 	4797.00 	4551.00 	4490.00 	4333.00 	: 	: 	: 	: 	: 	: 	: 	: 	: 	: 
NR,OC2221_3221,TOT_TNG,TR	: 	: 	: 	: 	: 	: 	152803.00 	142432.00 	139544.00 	134906.00 	124982.00 	114772.00 	105176.00 	99910.00 	94661.00 	82626.00 	78182.00 	75753.00 	74483.00 	72393.00 	72607.00 	69550.00 
NR,OC2221_3221,TOT_TNG,UK	: 	: 	660213.00 	652651.00 	647678.00 	650638.00 	650743.00 	644473.00 	638189.00 	634672.00 	631625.00 	629029.00 	625815.00 	624740.00 	637155.00 	644152.00 	636655.00 	625539.00 	611086.00 	589393.00 	: 	: 
NR,OC2221_3221,UNK_TNG,AT	: 	0.00 	0.00 	: 	: 	: 	: 	: 	: 	: 	: 	: 	: 	: 	: 	: 	: 	: 	: 	: 	: 	: 
NR,OC2221_3221,UNK_TNG,CH	: 	7738.00 	8296.00 	11474.00 	9628.00 	10297.00 	11511.00 	14560.00 	15233.00 	22969.00 	30685.00 	31430.00 	: 	: 	: 	: 	: 	: 	: 	: 	: 	: 
NR,OC2221_3221,UNK_TNG,DK	: 	: 	0.00 	0.00 	0.00 	1.00 	1.00 	1.00 	1.00 	1.00 	1.00 	1.00 	1.00 	1.00 	1.00 	1.00 	1.00 	1.00 	1.00 	1.00 	1.00 	1.00 
NR,OC2221_3221,UNK_TNG,FI	: 	37.00 	38.00 	39.00 	39.00 	40.00 	40.00 	41.00 	48.00 	47.00 	47.00 	17.00 	13.00 	12.00 	12.00 	12.00 	12.00 	13.00 	12.00 	13.00 	14.00 	12.00 
NR,OC2221_3221,UNK_TNG,FR	: 	1061.00 	1066.00 	1072.00 	1073.00 	1083.00 	1096.00 	1111.00 	1122.00 	1137.00 	1155.00 	1171.00 	1277.00 	1318.00 	1447.00 	2117.00 	2206.00 	2232.00 	2265.00 	2299.00 	2355.00 	2425.00 
NR,OC2221_3221,UNK_TNG,IE	7.00 	: 	: 	: 	: 	: 	: 	: 	: 	: 	: 	: 	: 	: 	: 	: 	: 	: 	: 	: 	: 	: 
NR,OC2221_3221,UNK_TNG,IT	31227.00 	143871.00 	169088.00 	161019.00 	152935.00 	98447.00 	85611.00 	89972.00 	81174.00 	71693.00 	62810.00 	55049.00 	48319.00 	41501.00 	35700.00 	31043.00 	25574.00 	20951.00 	16977.00 	13934.00 	13472.00 	13161.00 
NR,OC2221_3221,UNK_TNG,LT	55.00 	59.00 	: 	: 	: 	: 	: 	: 	: 	: 	: 	: 	: 	: 	: 	: 	: 	: 	: 	: 	: 	: 
NR,OC2221_3221,UNK_TNG,NL	: 	0.00 	0.00 	0.00 	0.00 	0.00 	0.00 	0.00 	0.00 	0.00 	: 	: 	: 	: 	: 	: 	: 	: 	: 	: 	: 	: 
NR,OC2221_3221,UNK_TNG,NO	4296.00 	4484.00 	4707.00 	4824.00 	3320.00 	3425.00 	3543.00 	3655.00 	3828.00 	3976.00 	4040.00 	4091.00 	4097.00 	: 	: 	: 	: 	: 	: 	: 	: 	: 
NR,OC2221_3221,UNK_TNG,SE	: 	: 	111.00 	111.00 	115.00 	129.00 	147.00 	: 	: 	: 	: 	: 	: 	: 	: 	: 	: 	: 	: 	: 	: 	: 
NR,OC2221_3221,UNK_TNG,SI	: 	: 	4.00 	4.00 	128.00 	: 	: 	: 	: 	: 	: 	: 	: 	: 	: 	: 	: 	: 	: 	: 	: 	: 
NR,OC2221_3221,UNK_TNG,UK	: 	: 	5250.00 	5413.00 	5762.00 	6217.00 	6736.00 	7110.00 	7457.00 	7920.00 	8330.00 	8762.00 	9139.00 	9665.00 	10882.00 	12111.00 	12856.00 	13942.00 	15398.00 	16664.00 	: 	: 
PC,OC221,TNG_OUT,AT	6.82 	6.54 	6.37 	5.97 	5.77 	5.47 	5.14 	5.06 	4.57 	4.35 	4.08 	3.90 	3.64 	3.50 	3.48 	3.04 	2.94 	: 	: 	: 	: 	: 
PC,OC221,TNG_OUT,BE	13.22 	12.70 	12.42 	12.11 	12.26 	11.91 	11.46 	11.40 	10.73 	10.13 	9.18 	8.20 	7.43 	6.79 	6.02 	5.30 	4.98 	4.74 	4.65 	4.56 	4.49 	4.36 
PC,OC221,TNG_OUT,CH	: 	37.36 	36.30 	35.35 	34.07 	32.90 	31.53 	30.51 	29.35 	27.02 	25.31 	24.13 	23.05 	21.84 	: 	: 	: 	: 	: 	: 	: 	: 
PC,OC221,TNG_OUT,CY	: 	: 	99.23 	100 	100 	100 	100 	100 	: 	: 	: 	: 	: 	: 	: 	: 	: 	: 	: 	: 	: 	: 
PC,OC221,TNG_OUT,CZ	7.59 	7.48 	7.38 	7.35 	7.07 	6.56 	6.10 	4.89 	4.66 	5.09 	4.71 	4.40 	4.29 	4.20 	4.13 	3.96 	3.75 	3.32 	2.79 	1.99 	1.49 	1.32 
PC,OC221,TNG_OUT,DE	: 	13.77 	13.12 	12.51 	11.88 	11.04 	10.26 	9.53 	8.84 	8.16 	7.30 	6.56 	6.16 	5.73 	5.36 	5.17 	4.89 	4.80 	4.61 	4.31 	3.97 	3.72 
PC,OC221,TNG_OUT,DK	: 	: 	9.46 	9.37 	9.22 	9.24 	9.15 	8.94 	8.73 	8.72 	8.80 	8.75 	8.36 	7.86 	7.40 	6.95 	6.47 	5.70 	4.99 	4.51 	3.89 	3.83 
PC,OC221,TNG_OUT,EE	4.16 	4.06 	3.94 	3.86 	3.57 	3.31 	3.04 	2.64 	2.35 	2.01 	1.73 	1.42 	1.26 	1.00 	0.74 	0.56 	0.37 	0.15 	0.03 	0.00 	: 	: 
PC,OC221,TNG_OUT,FI	: 	19.13 	18.71 	18.28 	17.97 	17.55 	17.29 	16.89 	16.48 	15.89 	15.40 	20.91 	18.95 	: 	: 	: 	: 	: 	: 	: 	: 	6.78 
PC,OC221,TNG_OUT,FR	: 	11.84 	11.60 	11.41 	11.13 	10.77 	10.30 	9.76 	9.15 	8.66 	8.16 	7.45 	6.97 	6.72 	6.32 	5.76 	5.58 	5.48 	5.17 	4.79 	4.33 	3.91 
PC,OC221,TNG_OUT,HR	: 	5.27 	5.06 	5.28 	5.20 	1.00 	: 	: 	: 	: 	: 	: 	: 	: 	: 	: 	: 	: 	: 	: 	: 	: 
PC,OC221,TNG_OUT,HU	: 	8.18 	8.21 	8.09 	8.03 	7.80 	7.79 	7.57 	7.56 	7.43 	7.66 	7.73 	7.68 	7.71 	7.70 	7.69 	7.70 	7.69 	: 	: 	: 	: 
PC,OC221,TNG_OUT,IE	40.45 	40.19 	41.35 	41.64 	42.33 	41.62 	39.03 	36.07 	34.22 	32.64 	35.66 	: 	: 	: 	: 	: 	: 	: 	: 	: 	: 	: 
PC,OC221,TNG_OUT,IT	0.94 	0.90 	0.88 	0.84 	0.82 	0.83 	0.83 	0.83 	0.84 	0.83 	0.82 	0.80 	0.77 	0.74 	0.72 	0.70 	0.67 	0.61 	0.49 	0.46 	0.44 	0.42 
PC,OC221,TNG_OUT,LI	100 	100 	100 	100 	100 	100 	100 	100 	100 	100 	100 	100 	100 	100 	100 	100 	100 	100 	100 	100 	100 	100 
PC,OC221,TNG_OUT,LT	0.57 	0.64 	0.58 	0.49 	0.43 	0.34 	0.29 	0.26 	: 	: 	: 	: 	: 	: 	: 	: 	: 	: 	: 	: 	: 	: 
PC,OC221,TNG_OUT,LU	: 	100 	100 	100 	100 	100 	100 	100 	100 	100 	100 	100 	100 	100 	100 	100 	100 	100 	100 	100 	100 	100 
PC,OC221,TNG_OUT,LV	: 	5.95 	5.27 	5.53 	5.95 	6.25 	6.52 	6.74 	6.96 	7.09 	7.15 	7.01 	7.41 	7.91 	8.06 	8.06 	8.08 	8.14 	: 	: 	: 	: 
PC,OC221,TNG_OUT,MT	: 	13.99 	13.16 	13.20 	15.96 	15.61 	14.36 	14.50 	: 	: 	: 	: 	: 	: 	: 	: 	: 	: 	: 	: 	: 	: 
PC,OC221,TNG_OUT,NL	: 	3.56 	3.58 	3.11 	2.74 	2.22 	2.18 	2.13 	2.05 	2.08 	2.60 	2.63 	2.49 	2.31 	2.19 	2.09 	2.08 	1.94 	1.98 	1.89 	1.78 	: 
PC,OC221,TNG_OUT,NO	41.26 	41.26 	40.81 	40.09 	39.42 	38.73 	37.90 	37.29 	36.44 	36.06 	35.22 	34.41 	34.06 	: 	: 	: 	: 	: 	: 	: 	: 	: 
PC,OC221,TNG_OUT,PL	2.69 	2.23 	2.09 	1.94 	1.88 	1.84 	1.80 	1.78 	1.78 	1.76 	1.76 	2.05 	2.11 	2.11 	: 	: 	: 	: 	: 	: 	: 	: 
PC,OC221,TNG_OUT,PT	: 	: 	: 	: 	11.99 	: 	: 	: 	: 	: 	: 	: 	: 	: 	: 	: 	: 	: 	: 	: 	: 	: 
PC,OC221,TNG_OUT,RO	: 	1.81 	1.91 	1.61 	1.52 	1.11 	0.74 	0.75 	0.72 	0.61 	0.52 	0.53 	: 	: 	: 	: 	: 	: 	: 	: 	: 	: 
PC,OC221,TNG_OUT,RS	2.28 	1.78 	1.42 	1.26 	3.04 	2.97 	2.62 	2.55 	2.49 	2.50 	2.49 	2.53 	: 	: 	: 	: 	: 	: 	: 	: 	: 	: 
PC,OC221,TNG_OUT,SE	: 	: 	29.36 	28.75 	28.00 	27.32 	26.29 	27.14 	26.07 	25.10 	24.28 	23.54 	22.54 	21.64 	20.40 	19.34 	18.50 	17.56 	16.70 	15.92 	14.93 	13.96 
PC,OC221,TNG_OUT,SI	15.81 	16.04 	16.46 	16.93 	17.30 	18.53 	14.10 	14.18 	14.42 	14.00 	11.79 	10.66 	: 	: 	: 	: 	: 	: 	: 	: 	: 	: 
PC,OC221,TNG_OUT,SK	: 	: 	: 	: 	: 	: 	: 	: 	: 	: 	2.99 	2.63 	: 	: 	: 	: 	: 	: 	: 	: 	: 	: 
PC,OC221,TNG_OUT,TR	: 	: 	: 	: 	: 	: 	0.19 	0.19 	0.20 	0.20 	0.21 	0.21 	0.21 	0.22 	0.23 	0.23 	0.22 	0.21 	0.19 	0.17 	0.13 	0.06 
PC,OC221,TNG_OUT,UK	: 	: 	30.34 	29.23 	28.66 	28.38 	27.50 	28.46 	28.98 	29.01 	29.29 	29.80 	30.12 	29.88 	: 	: 	: 	: 	: 	: 	: 	: 
PC,OC2221_3221,TNG_OUT,AT	: 	12.34 	12.30 	: 	: 	: 	: 	: 	: 	: 	: 	: 	: 	: 	: 	: 	: 	: 	: 	: 	: 	: 
PC,OC2221_3221,TNG_OUT,BE	4.26 	4.11 	3.93 	3.75 	3.53 	3.41 	3.19 	2.90 	2.56 	2.13 	1.67 	1.46 	1.28 	1.12 	0.98 	0.86 	0.77 	0.71 	0.65 	0.61 	0.57 	0.52 
PC,OC2221_3221,TNG_OUT,CH	: 	26.02 	25.87 	24.99 	25.92 	25.90 	25.83 	25.22 	24.56 	18.60 	14.89 	14.73 	: 	: 	: 	: 	: 	: 	: 	: 	: 	: 
PC,OC2221_3221,TNG_OUT,DE	: 	9.24 	8.86 	8.67 	7.68 	6.79 	7.14 	6.80 	6.31 	6.11 	: 	: 	: 	: 	: 	: 	: 	: 	: 	: 	: 	: 
PC,OC2221_3221,TNG_OUT,DK	: 	: 	1.86 	1.85 	1.81 	1.81 	1.79 	1.84 	1.86 	1.93 	1.97 	2.00 	2.03 	1.85 	1.66 	1.59 	1.53 	1.58 	1.57 	1.61 	1.62 	1.65 
PC,OC2221_3221,TNG_OUT,EE	0.20 	0.18 	0.16 	0.15 	0.12 	0.08 	0.06 	0.03 	0.03 	0.03 	0.03 	0.03 	0.01 	: 	: 	: 	: 	: 	: 	: 	: 	: 
PC,OC2221_3221,TNG_OUT,EL	: 	: 	: 	: 	: 	: 	2.54 	2.55 	2.56 	2.58 	2.58 	2.62 	2.62 	2.66 	2.77 	3.10 	2.88 	: 	: 	: 	: 	: 
PC,OC2221_3221,TNG_OUT,FI	: 	1.37 	1.36 	1.37 	1.38 	1.38 	1.39 	1.38 	1.29 	1.16 	0.98 	0.81 	0.67 	0.55 	0.46 	0.39 	0.32 	0.26 	0.22 	0.21 	0.19 	0.17 
PC,OC2221_3221,TNG_OUT,FR	: 	2.86 	2.86 	2.87 	2.86 	2.85 	2.82 	2.77 	2.72 	2.65 	2.55 	2.44 	2.39 	2.35 	2.34 	2.36 	2.34 	2.29 	2.17 	1.99 	1.84 	1.71 
PC,OC2221_3221,TNG_OUT,HR	: 	1.05 	1.04 	1.00 	0.94 	: 	: 	: 	: 	: 	: 	: 	: 	: 	: 	: 	: 	: 	: 	: 	: 	: 
PC,OC2221_3221,TNG_OUT,HU	: 	1.61 	1.56 	1.54 	1.50 	1.48 	1.48 	1.33 	1.22 	: 	: 	: 	: 	: 	: 	: 	: 	: 	: 	: 	: 	: 
PC,OC2221_3221,TNG_OUT,IE	46.56 	: 	: 	: 	: 	: 	: 	: 	: 	: 	: 	: 	: 	: 	: 	: 	: 	: 	: 	: 	: 	: 
PC,OC2221_3221,TNG_OUT,IT	5.21 	4.98 	4.77 	4.79 	4.97 	5.38 	5.66 	5.64 	5.81 	5.90 	5.94 	5.83 	5.66 	5.35 	4.97 	4.27 	3.33 	2.46 	1.71 	1.06 	0.71 	0.56 
PC,OC2221_3221,TNG_OUT,LT	0.43 	0.46 	0.44 	0.43 	0.39 	0.43 	0.39 	0.35 	: 	: 	: 	: 	: 	: 	: 	: 	: 	: 	: 	: 	: 	: 
PC,OC2221_3221,TNG_OUT,LV	: 	2.61 	2.58 	2.63 	3.24 	3.18 	3.37 	3.80 	3.94 	4.03 	4.22 	4.44 	4.48 	4.72 	4.42 	4.46 	4.60 	4.73 	: 	: 	: 	: 
PC,OC2221_3221,TNG_OUT,NL	: 	1.39 	1.39 	1.28 	1.30 	0.54 	0.54 	0.09 	0.03 	0.03 	0.68 	1.14 	1.20 	1.18 	1.15 	1.15 	1.12 	1.08 	1.04 	0.99 	0.88 	: 
PC,OC2221_3221,TNG_OUT,NO	6.10 	6.10 	6.23 	6.25 	8.73 	8.82 	8.97 	8.97 	8.83 	8.71 	8.44 	7.86 	7.43 	: 	: 	: 	: 	: 	: 	: 	: 	: 
PC,OC2221_3221,TNG_OUT,PL	0.19 	0.10 	0.08 	0.06 	0.06 	0.05 	: 	: 	: 	: 	: 	: 	: 	: 	: 	: 	: 	: 	: 	: 	: 	: 
PC,OC2221_3221,TNG_OUT,PT	: 	: 	: 	: 	: 	: 	: 	1.82 	2.96 	2.96 	3.03 	3.20 	3.38 	3.58 	3.94 	4.47 	4.92 	5.23 	5.18 	4.66 	: 	: 
PC,OC2221_3221,TNG_OUT,RO	: 	0.05 	0.04 	0.04 	0.03 	0.04 	0.03 	0.03 	0.02 	0.02 	0.02 	0.01 	: 	: 	: 	: 	: 	: 	: 	: 	: 	: 
PC,OC2221_3221,TNG_OUT,SE	: 	: 	3.32 	3.25 	3.15 	3.05 	2.92 	2.75 	2.66 	2.63 	2.63 	2.63 	2.64 	2.68 	2.69 	2.73 	2.81 	2.86 	2.88 	2.84 	2.76 	2.66 
PC,OC2221_3221,TNG_OUT,SI	: 	3.71 	2.17 	1.89 	0.40 	: 	0.37 	0.38 	0.42 	0.42 	0.40 	0.39 	: 	: 	: 	: 	: 	: 	: 	: 	: 	: 
PC,OC2221_3221,TNG_OUT,TR	: 	: 	: 	: 	: 	: 	0.30 	0.28 	0.23 	0.18 	0.15 	0.14 	0.15 	0.14 	0.14 	0.14 	0.13 	0.11 	0.09 	0.07 	0.05 	0.03 
PC,OC2221_3221,TNG_OUT,UK	: 	: 	15.38 	14.90 	14.70 	14.86 	13.85 	12.73 	12.08 	11.71 	11.49 	11.25 	11.17 	11.40 	11.80 	11.96 	11.51 	10.30 	8.70 	6.77 	: 	: 
